"user_id","username","avatar","2022_leagues","createdAt","updatedAt","2023_leagues","2021_leagues","2020_leagues","2019_leagues","2018_leagues"
"103413710143766528","sty1ee","e476c30c466b2d45503c4e7947f2cee6","[""784822734478823424"", ""776948568681500672"", ""788101030608003072"", ""786679616273276928"", ""784827725792788480"", ""790213882626060288"", ""815346653958647808"", ""835206799513731072"", ""787554732112728064"", ""774390084047851520"", ""781387844274159616"", ""786431644054781952"", ""789814499036262400"", ""784645806748790784"", ""811410919652429824"", ""801417976489308160"", ""879534910489157632"", ""817165028410138624"", ""863765484036788224"", ""896963735208493056"", ""846648309937442816"", ""870289207380381696"", ""872318217601945600"", ""855765451056209920"", ""902014845736792064"", ""899126809709813760"", ""892277194561384448"", ""895044156375371776"", ""896223437427945472"", ""894788673575694336"", ""882134882397171712"", ""886050306520358912"", ""886203101089181696"", ""892929257083518976"", ""891894604218298368"", ""907510550282579968"", ""890432838615633920""]","2022-12-27 06:46:00.834+00","2023-01-02 00:31:57.675+00",NULL,NULL,NULL,NULL,NULL
"212292874924978176","Redwards","522245b760f10808035f4b3a242da781","[""873110935705899008"", ""872862660155387904"", ""872034940596973568"", ""871142657823514624"", ""870669775301480448"", ""866928320674217984"", ""862997312882978816"", ""862185750748344320"", ""861572190309597184"", ""860607940523053056"", ""858627440120016896"", ""856789091700822016"", ""847364812517289984"", ""846760238903324672"", ""846673030255095808"", ""846259331333750784"", ""846134037910249472"", ""845530497210777600"", ""844942240798351360"", ""843584180775391232"", ""784396074088591360"", ""784883680844828672"", ""865277316593524736"", ""868877054404366336"", ""853341831470096384"", ""808424023888355328"", ""839117049606275072"", ""901595545431494656"", ""872647195277578240"", ""873634859057463296"", ""872436936978120704"", ""872020634086100992"", ""871321901002330112"", ""869578448509820928"", ""861923198395064320"", ""860942303995461632"", ""859136264115453952"", ""859002363313233920"", ""858349249274941440"", ""856770082515308544"", ""852555824994848768"", ""851741876640940032"", ""851120912978796544"", ""849658511368523776"", ""848569525162061824"", ""846554470014910464"", ""846096912322011136"", ""844984276134010880"", ""844336342807715840"", ""835532481238261760"", ""826565640751013888""]","2023-01-13 18:07:32.253+00","2023-01-13 18:07:32.253+00",NULL,NULL,NULL,NULL,NULL
"300537849801875456","DonnieOeight","3a10410e194abef79deb540942bb31a5","[""866378105055494144"", ""864869087929589760"", ""858486886245740544"", ""857863548418772992"", ""856944676018724864"", ""851298961108074496"", ""846259331333750784"", ""845874274710433792"", ""844258731746234368"", ""843629638449205248"", ""842658493080145920"", ""818707851227844608"", ""818321980129431552"", ""813271527242956800"", ""809185837676875776"", ""792514070153670656"", ""799894725845987328"", ""796513711585112064"", ""789614048831537152"", ""818539489826861056"", ""784440815379480576"", ""784549980630351872"", ""847044100346736640"", ""830303964846202880"", ""785013487050067968"", ""787030114394374144"", ""786832585643941888"", ""821499965187686400"", ""816828130797961216"", ""784549796269682688"", ""784989064960045056"", ""814182071659520000"", ""807512486126395392"", ""784527070612074496"", ""796041193849982976"", ""796041082768044032"", ""796039765014228992"", ""786097018258006016"", ""784426813375012864"", ""787383337894477824"", ""784434702080712704"", ""784464714494242816"", ""791068087234445312""]","2022-12-28 04:16:10.658+00","2022-12-28 04:16:10.658+00",NULL,NULL,NULL,NULL,NULL
"300771421884252160","Pri5onMike","261f34dc0b6034ff5e5b95e291ce7881","[""805205675381760000"", ""789421573651156992"", ""784844715966234624"", ""856414333872238592"", ""798303330802708480"", ""784688582861426688"", ""784454070906839040""]","2022-12-26 17:58:10.666+00","2023-01-12 11:22:25.191+00",NULL,NULL,NULL,NULL,NULL
"312695093469388800","staitenator","050808d05fcf3ebaef54e3f8ade3b621","[""870127018753347584"", ""784832514249392128"", ""803814947921428480"", ""791454504070533120"", ""784459482158731264"", ""786828923865538560"", ""785967736705802240"", ""782052696680210432"", ""825824398534635520"", ""790696814138499072"", ""785339783403679744"", ""784436410785660928"", ""831590963158851584"", ""786537218423521280"", ""786319898782601216"", ""785339710041133056"", ""817476133120491520"", ""871217171462864896"", ""809884718316244992"", ""801316502119751680"", ""794659685486665728"", ""786988350681833472"", ""786786852072988672"", ""785961026985484288""]","2022-12-30 01:51:29.49+00","2022-12-30 03:28:03.043+00",NULL,NULL,NULL,NULL,NULL
"327120424599035904","ruggermad","ddcfd2ef3a25ea144ba24a4b8d248956","[""873318626709696512"", ""857693668147085312"", ""844684029251923968"", ""822596629889683456"", ""806723200280027136"", ""800894325188833280"", ""784771093138386944"", ""784442625800466432"", ""784439358697656320"", ""784366625481715712"", ""797066044085735424"", ""830038940043063296"", ""785003815437991936"", ""786417954655956992"", ""784600177578209280"", ""791219345803026432"", ""785006013043605504"", ""834387629205196800"", ""803304022579724288"", ""835312865203298304"", ""794997790685118464"", ""795347175746936832""]","2023-01-08 22:17:08.873+00","2023-01-08 22:17:08.873+00",NULL,NULL,NULL,NULL,NULL
"327170783342256128","joepao11","1dc4c201df6d6c48d15a4fcf41761b71","[""784485788560834560"", ""784490029497163776"", ""865817787539509248"", ""784275523407876096"", ""784460669150941184"", ""784861668617359360""]","2022-12-28 23:46:29.671+00","2022-12-28 23:49:10.855+00",NULL,NULL,NULL,NULL,NULL
"333830312754700288","jams441","1d538540976713a2a93c687c112b5c70","[""846181119283048448"", ""800827201795772416"", ""798265646902263808"", ""785472574720212992"", ""785225060909768704"", ""784554778373103616"", ""784366001281187840"", ""784365671793475584""]","2023-01-02 01:54:44.39+00","2023-01-02 01:54:44.39+00",NULL,NULL,NULL,NULL,NULL
"335253143476502528","runouni","a8a212806f5f16476352ace23c38816d",NULL,"2023-01-16 22:20:28.472+00","2023-01-16 22:34:40.977+00","[""920725310792908800"", ""920712302775578624"", ""920708507794530304"", ""920545468386488320"", ""920179675270381568"", ""920177183698608128"", ""920119401460961280"", ""920118134185537536"", ""920077011564032000"", ""920035328092700672"", ""920031188683665408"", ""920019376366088192"", ""919397109785354240"", ""919286590797692928"", ""919242591206473728"", ""919089670514995200"", ""919063679453179904"", ""919047142021443584"", ""919010507841945600"", ""919007812754235392"", ""919003165301923840"", ""918974164797685760"", ""918944625551880192"", ""918915020443037696"", ""918767502786863104"", ""918753680726286336"", ""918448886707077120"", ""918341768599437312"", ""918331743843921920"", ""918244228705202176"", ""918235898117062656"", ""918162444684521472"", ""918013693110210560"", ""917984566072287232"", ""917925718267879424"", ""917858558183022592"", ""917666288095481856"", ""917514405766787072"", ""917503293000167424"", ""917497890288087040"", ""917332883856097280"", ""917331026366648320"", ""917239833863659520"", ""917239831837650944"", ""917227495517204480"", ""917227137344606208"", ""917131230599196672"", ""917075521136295936"", ""916978516552515584"", ""916947556285009920"", ""916883518528098304"", ""916852818798047232"", ""916835874862833664"", ""916777036713156608"", ""916769446197506048"", ""916769248997916672"", ""916753787946131456"", ""916591793964265472"", ""916567307214925824"", ""916564008852054016"", ""916542631549939712"", ""916497896478978048"", ""916459665553428480"", ""916439277364604928"", ""916388917241311232"", ""913819885329891328""]",NULL,NULL,NULL,NULL
"335624790515675136","GuyFeiri","bc579decd9c6d50145f9a07991f55be0","[""784401580144402432"", ""913888263323213824"", ""814904177187729408"", ""784448743079616512"", ""784447791433932800"", ""784545869126037504"", ""785051612505833472"", ""784534778530623488"", ""785593306418688000"", ""784694173919023104"", ""785722757257486336"", ""784448919865282560"", ""787534752684036096""]","2023-01-08 22:50:44.34+00","2023-01-10 15:35:31.19+00",NULL,NULL,NULL,NULL,NULL
"337472626068832256","DrDemento","31ca11e97d79780c4f19f46b3462ad2d","[""913888263323213824"", ""842627175889895424"", ""784668559942029312"", ""872589853051871233"", ""784668619144552448"", ""784668693622841344"", ""786857129909805056"", ""785254892649455616"", ""787801174349836288"", ""787109916988022784"", ""787722888206729216"", ""787122847742025728"", ""810654931102052352"", ""786780591336062976"", ""787088727691386880"", ""787042971144065024"", ""787018803514028032"", ""786766113303293952"", ""786767624469078016"", ""786749784005443584"", ""787809277799706624"", ""784482412959805440"", ""785346050201354240"", ""784452328924274688"", ""784451939571220480"", ""784479874730590208""]","2023-01-08 20:03:24.81+00","2023-01-09 14:33:18.268+00",NULL,NULL,NULL,NULL,NULL
"341126650328567808","nixfan226","e885f12514a6c421a4c174b72d00211d","[""866361713790959616"", ""858485946620989440"", ""826864618017230848"", ""795467890978566144"", ""786693098381094912"", ""784581086717071360"", ""787424288981585920""]","2022-12-29 21:52:17.489+00","2023-01-01 20:42:14.425+00",NULL,NULL,NULL,NULL,NULL
"360999905269051392","njpincket","cb304f2bcdb21eee02a30c5013b11681","[""792196490658443264"", ""791520717698105344"", ""790313350876741632"", ""784643958369296384"", ""784590251917225984"", ""784473013142867968"", ""784400127312916480"", ""786996973780799488"", ""784960390428745728"", ""787028878899130368"", ""785678637717540864"", ""785677977953554432"", ""785409553239040000"", ""784432693319495680"", ""785616884832952320"", ""785405914248273920"", ""785512578490195968"", ""784995031277744128"", ""785556566526074880"", ""784669865981108224"", ""793195862904909824"", ""788323091049730048"", ""785619231109799936"", ""784900518760878080"", ""784431733578821632"", ""791219345803026432"", ""785621076515405824"", ""791863954447106048"", ""784803615633207296"", ""785042549701206016"", ""787207812437663744"", ""866691377726107648"", ""784459413535711232"", ""785685044000919552"", ""784401015591047168"", ""784385993938714624"", ""787695934791368704"", ""787198278746906624""]","2023-01-13 01:58:10.596+00","2023-01-13 01:58:10.596+00",NULL,NULL,NULL,NULL,NULL
"386446885826875392","anirudh20","3d8ea1e7289177ddf22dd57e107ee334","[""855209780191531008"", ""788917473381597184"", ""785566130856165376"", ""785177437993582592"", ""873042761396502528""]","2023-01-02 03:12:32.885+00","2023-01-02 03:12:32.885+00",NULL,NULL,NULL,NULL,NULL
"387000423216603136","CastleBlack","f6c7f3be963e45f72d518c75944be1ac","[""872318195619598336"", ""844023288039587840"", ""827767726738112512"", ""806690407550414848"", ""853341831470096384"", ""786304580395851776"", ""787048544447082496"", ""849645245854511104"", ""784475794939510784"", ""784739515704221696"", ""784443724301246464"", ""783037744229273600"", ""784451411609006080"", ""784651932538163200"", ""838620476820529152"", ""786942246699249664"", ""784995711598080000"", ""788583305397276672"", ""806327658911764480""]","2023-01-08 22:04:44.529+00","2023-01-08 22:04:44.529+00",NULL,NULL,NULL,NULL,NULL
"388989203708424192","jholliman","ff96cf5e6abb85eae76cf0ed12bcb837","[""873413822008938496"", ""784949107864260608"", ""786431173407678464"", ""784777991526961152"", ""784487144835170304"", ""843483710836830208"", ""784533579077144576"", ""784466306001936384"", ""784454815739715584"", ""793214768222699520"", ""784359427775008768"", ""790614271624069120""]","2022-12-31 18:00:33.431+00","2022-12-31 18:01:09.391+00",NULL,NULL,NULL,NULL,NULL
"395817247915917312","Chmura22","741762a7dabcb72fdfaf95fd60321140","[""872227515656531968"", ""866866234770239488"", ""784430109619781632"", ""784138730771517440"", ""784996625826332672"", ""786431173407678464"", ""789244568687259648"", ""784462371384045568"", ""784430493461540864"", ""784462284264185856"", ""834949024946720768"", ""784847080828092416"", ""784462436571938816"", ""784461978910527488"", ""784582890171248640"", ""784477966838194176"", ""788660488744652800"", ""784817031974387712"", ""847950800176140288"", ""796560961967362048"", ""784462869323464704"", ""784459513473392640"", ""784614978912198656"", ""858825089683169280"", ""784485138397597696"", ""784616013848260608"", ""784527927692951552"", ""784614799144267776"", ""786693691698995200"", ""784430263915683840"", ""784528473141149696"", ""784430216725577728"", ""790640632896036864"", ""784859413205938176"", ""784506056427593728"", ""784675183335211008"", ""836412230152097792"", ""784871468994523136"", ""787913109212946432"", ""784426813375012864"", ""785248853308878848"", ""786648964001886208"", ""786642635283607552"", ""784603341631180800"", ""835738153255047168""]","2022-12-29 22:49:52.873+00","2023-01-12 23:42:31.882+00",NULL,NULL,NULL,NULL,NULL
"396060933291577344","Jashe5150","4507099b621e60fd1a4393255b862d18",NULL,"2023-01-16 21:55:33.942+00","2023-01-16 22:16:33.487+00","[""920368329024475136"", ""919062449096085504"", ""919057920896155648"", ""918934695562289152"", ""918897476772519936"", ""918406522990964736"", ""918406215682625536"", ""917993231932252160"", ""917514969154035712"", ""917316097915977728"", ""917264549680656384"", ""917246593534062592"", ""916905097941188608"", ""916905016898908160"", ""916842628665262080"", ""916785965212069888"", ""916534713630781440"", ""916442318893391872"", ""916415431194300416"", ""916380994377375744""]",NULL,NULL,NULL,NULL
"400056183383142400","kodypetey","e52c994b34e1b3d61029026bd7715474","[""786102446887178240"", ""842157043560345600"", ""785604168462266368"", ""784451553837871104"", ""842884688904335360"", ""788970864795312128"", ""788240585206124544"", ""832106520769605632"", ""789975556304277504"", ""784843591251050496"", ""803820327955177472"", ""868297299481280512"", ""784380509353558016"", ""784449709090693120"", ""784449466009804800"", ""784449348690976768"", ""829098740093685760"", ""784451318629670912"", ""872318190213140480"", ""855856262263443456""]","2022-12-31 00:22:22.785+00","2022-12-31 00:22:22.785+00",NULL,NULL,NULL,NULL,NULL
"402160630821306368","DarksideEmperors","9d586911b27fe2a4fa810488875531fe","[""858540527136665600"", ""805513203747491840"", ""793570941954297856"", ""786425924383047680"", ""785224241061699584"", ""787381921381543936"", ""787457308589457408"", ""785674433116569600"", ""784439867827408896"", ""786747364135251968"", ""832021330944716800"", ""784439735937511424"", ""788447387722072064"", ""787761674932330496"", ""784437412507037696"", ""784589644036767744"", ""784681623592497152"", ""782454988508147712"", ""784954398647422976"", ""830988000027590656"", ""784623186187780096"", ""784645406603751424"", ""843552931901972480"", ""785685044000919552"", ""784439640756195328"", ""784481014218076160"", ""785596110969380864"", ""775070780009639936"", ""784460249326268416"", ""787000892057595904"", ""787390562474000384"", ""784501142297190400"", ""852323182844149760"", ""818676499694616576"", ""793594760521707520"", ""785590237651955712"", ""784855199805267968"", ""830937223426834432"", ""784471254580183040"", ""785674984268972032"", ""784936285151367168"", ""784870259332141056"", ""784661999572418560"", ""784871597407322112"", ""789585934361477120"", ""784646255652569088"", ""787381114661654528"", ""785193931917950976"", ""792623966438137856"", ""785746709270704128"", ""784548638004219904"", ""785053344803778560"", ""785687292861059072"", ""784439484921008128"", ""812448499869270016"", ""815760064060174336"", ""814619726805331968"", ""784460301264375808"", ""784481507984162816"", ""790460977161318400""]","2023-01-06 17:28:17.566+00","2023-01-13 19:13:36.883+00",NULL,NULL,NULL,NULL,NULL
"402596448002162688","ImTheChampion","4ba072e6248388d12d79bfee723b9155","[""785746709270704128"", ""784575342840053760"", ""913888263323213824"", ""913873115695071232"", ""784439867827408896"", ""784439735937511424"", ""784440070416515072"", ""784439640756195328"", ""784855199805267968"", ""784435576869896192"", ""814619726805331968"", ""784822158131130368"", ""785346050201354240"", ""802820547422556160"", ""785018657737728000"", ""842627175889895424"", ""832021330944716800"", ""789514151931318272"", ""787198278746906624"", ""784460301264375808"", ""784437412507037696"", ""786757169054867456"", ""784471254580183040"", ""784871597407322112"", ""784548638004219904"", ""784954398647422976"", ""787042971144065024"", ""787018803514028032"", ""794297912233414656"", ""830937223426834432"", ""819644089770336256"", ""784852146867785728"", ""784850878644486144"", ""867786711407722496"", ""784459869997625344"", ""784577248907874304"", ""786235459327176704"", ""784481014218076160"", ""784439484921008128"", ""784696093085683712"", ""784634395461074944"", ""784509434280947712"", ""784481507984162816"", ""784589644036767744""]","2023-01-08 02:14:00.051+00","2023-01-15 03:37:23.175+00","[""919943298607841280"", ""919436160890396672"", ""919275619958046720"", ""919274209732304896"", ""919272064601628672"", ""919261360758833152"", ""918526977466814464"", ""918406594801582080"", ""918406522990964736"", ""918406267004239872"", ""918406215682625536"", ""918406160775184384"", ""918406092500131840"", ""918192378777821184"", ""918181438338543616"", ""917514969154035712"", ""917514174329122816"", ""917508738431574016"", ""917316097915977728"", ""917150457997430784"", ""917120630883999744"", ""916812077728169984"", ""916799573291724800"", ""916785965212069888"", ""916776268480249856"", ""916744360774107136"", ""916536975581286400"", ""916534713630781440"", ""916523396949815296"", ""916496345391845376"", ""916496004457869312"", ""916465684928978944"", ""916459800068767744"", ""916453783507640320"", ""916442318893391872"", ""916415431194300416"", ""916380994377375744"", ""919048260797497344""]",NULL,"[""607068985481035776"", ""601118741597585408"", ""592777889129222144"", ""592586227283181568"", ""591133048188215296"", ""590384786002972672"", ""587169205929938944"", ""585859133853437952"", ""577902890807500800"", ""574756882913488896"", ""550794042473709568"", ""550771297955778560"", ""550277800680300544"", ""536715622988840960"", ""536361790576934912"", ""531519166010769408"", ""526102153162870784"", ""516008729706340352"", ""515984741351419904"", ""515935560087760896"", ""515916831257616384"", ""515786358488961024"", ""515752977273122816"", ""515088349698592768"", ""548025559953076224"", ""516046017441738752"", ""516034058867044352"", ""515922892376944640"", ""605634115080884224"", ""577902735664394240"", ""507997072756989952"", ""515568330859356160"", ""527215202780020736""]","[""469327022649241600"", ""468651654342766592"", ""460947278396387328"", ""453783121565839360"", ""452871192013959168"", ""449962671735828480"", ""446718060464697344"", ""429511798815735808"", ""376141796612251648"", ""474389718037950464"", ""461340141739307008"", ""455604211330052096""]",NULL
"402874777406013440","dautzene","35fd36d245fa9eab2ccd43d498bba0a8","[""863618820332466176"", ""913888263323213824"", ""913873115695071232"", ""786786852072988672"", ""784855199805267968"", ""784521760971300864"", ""784505024251297792"", ""784479874730590208"", ""784462681817149440""]","2023-01-08 18:47:19.891+00","2023-01-09 14:32:39.119+00",NULL,NULL,NULL,NULL,NULL
"402976236730638336","10Brady12","db41de91b74d10a7bc9078966afafe66","[""829430444754837504"", ""785686410912108544"", ""785260957919215616"", ""785081412633165824"", ""785020299073732608"", ""784825862276141056"", ""898051705097609216"", ""784599028670341120"", ""869978695761317888"", ""784415894850875392"", ""784541577988149248"", ""785203334943543296"", ""787161712838205440"", ""784673438471143424"", ""855804047935008768"", ""855803412086886400"", ""855802897370296320"", ""784829175537192960"", ""784641048487063552"", ""850845470564679680"", ""784658070142844928"", ""786341220342444032"", ""850276939171201024"", ""843155046714675200"", ""839926211563094016"", ""837426051519975424"", ""807116981064007680"", ""796788906141011968"", ""784375046679433216"", ""787217192289685504"", ""785063068043505664""]","2023-01-10 14:50:19.76+00","2023-01-10 14:50:19.76+00",NULL,NULL,NULL,NULL,NULL
"406706802328145920","LeKid80","3ce71295a5556aea3d63145973b566e0","[""913888263323213824"", ""786786852072988672"", ""784855199805267968"", ""784479874730590208"", ""784439640756195328""]","2023-01-08 18:46:58.589+00","2023-01-14 21:56:37.842+00",NULL,NULL,NULL,NULL,NULL
"407726625573060608","BradoSundo","f998112053e26d52e49b968216d74b19","[""913888263323213824"", ""784448919865282560"", ""784448743079616512"", ""784447791433932800""]","2023-01-08 18:49:25.774+00","2023-01-09 14:33:00.153+00",NULL,NULL,NULL,NULL,NULL
"411238624718229504","TheOracle12","1ad03fe86b01778537399169b6c596ea","[""867854410045394944"", ""866072882315386880"", ""861062013080678400"", ""835914775513907200"", ""822674971716333568"", ""821775807725805568"", ""819046461042958336"", ""823231149991124992"", ""821036362923900928"", ""820345156870991872"", ""818272198379831296"", ""816053018989527040"", ""810666998664138752"", ""808436329414258688"", ""810198405153435648"", ""806287087392362496"", ""804113948822605824"", ""784390549045137408"", ""784514928009654272"", ""867905429433397248"", ""835302871762309120"", ""823229193482518528"", ""816794151982059520"", ""817810054379057152"", ""806639721806704640"", ""803341106929590272"", ""803023020972183552"", ""784456954776051712"", ""784401531431735296"", ""784681322491842560"", ""784467121747984384"", ""784475782016856064"", ""781906814223667200"", ""784433724598153216"", ""863104044527357952"", ""870879757817057280"", ""865276649942409216"", ""863512545904934912"", ""832668159403229184"", ""830101112760672256"", ""824649382023516160"", ""865260682298429440"", ""785539214816165888"", ""815236083708166144"", ""814178834684461056"", ""813448016764715008"", ""784504751424438272"", ""797841669025300480"", ""785317036128653312"", ""811760970631340032"", ""784929813633839104"", ""784503541065748480"", ""784465110017130496"", ""811780044165849088"", ""785788231479369728"", ""812207603051524096""]","2022-12-29 07:15:51.581+00","2022-12-29 07:15:51.581+00",NULL,NULL,NULL,NULL,NULL
"411717154862284800","TheFFPresident","e7de6858809189b5e2f36db60b591294","[""785264169703366656"", ""784452921231335424"", ""784452885198065664"", ""785618259889446912"", ""791735323066486784"", ""784829175537192960"", ""787106644382306304"", ""784920384356098048"", ""784859845328224256"", ""784902294255898624"", ""784826557876277248"", ""798239031631679488"", ""847312006095675392"", ""784163457623769088"", ""785195830725480448"", ""786743314169901056"", ""785248792722124800"", ""786494124974010368"", ""853347589884608512"", ""787371164082257920"", ""790479013247315968"", ""787362003525181440"", ""785189768286887936"", ""837842667114180608"", ""791750271041654784"", ""784588527873724416"", ""784372662670602240"", ""784785356083056640"", ""837677235572965376"", ""788561326531297280"", ""786430856779681792"", ""859125685107699712"", ""868189453653577728"", ""785983899745792000"", ""801266676279652352"", ""784404429146337280"", ""786627762436812800"", ""784461746042695680"", ""787721738048966656"", ""785590172912906240"", ""808087997743497216""]","2022-12-27 03:47:47.807+00","2023-01-06 03:40:43.902+00",NULL,NULL,NULL,NULL,NULL
"421757803934273536","restartthecarr","f3a7f82d07b2dd2d489d5bea6d6023b2","[""785318274761121792"", ""789714147637125120"", ""801507864488316928"", ""794997374664675328"", ""812210014491103232"", ""788118294119956480"", ""784356599161614336"", ""784521643614699520"", ""799705948640894976"", ""784646888958922752"", ""785798285020520448"", ""785318140505677824"", ""814950336551825408"", ""792954522094923776"", ""784446253231710208"", ""815101621309698048"", ""787154268221284352"", ""787872209510227968"", ""786675377471889408"", ""786630570879913984"", ""784825757359816704"", ""789557358773800960""]","2023-01-06 22:36:11.869+00","2023-01-10 01:02:43.809+00",NULL,NULL,NULL,NULL,NULL
"424024949334740992","jkap86","6778c205399b3bec3169b9fe0c0748e1","[""784799840579244032"", ""875835496406851584"", ""867786711407722496"", ""784632105098436608"", ""784431733578821632"", ""784822158131130368"", ""913888263323213824"", ""913873115695071232"", ""810256035574050816"", ""786738908015767552"", ""785348133868691456"", ""830937223426834432"", ""784459869997625344"", ""787079176854327296"", ""785346050201354240"", ""784153882543697920"", ""785248207155404800"", ""784481014218076160"", ""784439640756195328"", ""784643958369296384"", ""784440070416515072"", ""802190648106151936"", ""784718367926964224"", ""785013487050067968"", ""784480829228298240"", ""793721977016803328"", ""784540267633106944"", ""784974515422822400"", ""809534748509724672"", ""784439867827408896"", ""830303964846202880"", ""784836252628328448"", ""784444438746402816"", ""802820547422556160"", ""840485907323781120"", ""788396590376292352"", ""784473867681910784"", ""842141861849206784"", ""784964919358545920"", ""784505024251297792"", ""784966430356541440"", ""809884718316244992"", ""787018803514028032"", ""784357835298463744"", ""784967244286427136"", ""784480603549671424"", ""787198278746906624"", ""786026356864794624"", ""785465619226161152"", ""784439735937511424"", ""784435576869896192"", ""861732725495889920"", ""784485344237191168"", ""811101996097589248"", ""784487171376742400"", ""784460669150941184"", ""793556725847425024"", ""784523070458204160"", ""835573249747320832"", ""786727192582365184"", ""784444067491725312"", ""785050692011286528"", ""784462246624505856"", ""832021330944716800"", ""784855199805267968"", ""784476730873196544"", ""851190043463757824"", ""784969710050586624"", ""852237699875192832"", ""794077736753795072"", ""793559485871390720"", ""785978737048309760"", ""786710196218105856"", ""784430657949515776"", ""852714598208495616"", ""785512578490195968"", ""794659685486665728"", ""788913551640260608"", ""821499965187686400"", ""785346094883336192"", ""784850878644486144"", ""784685491676160000"", ""786431397568045056"", ""779507986019299328"", ""789707940855742464"", ""784483694776811520"", ""812283403658469376"", ""784489461152198656"", ""841061834453823488"", ""785001235995553792"", ""784481793347850240"", ""787030114394374144"", ""786346350324420608"", ""813857583814295552"", ""784670039847583744"", ""784439484921008128"", ""785254005440937984"", ""785083102023254016"", ""842627175889895424"", ""784786866623860736"", ""852728528247042048"", ""806170267473772544"", ""828849519486664704"", ""835547692712194048"", ""866191358837272576"", ""805965174589763584"", ""790750668393689088"", ""833192765239193600"", ""824480498918199296"", ""824796457365241856"", ""823823533372211200"", ""820070134386384896"", ""795523775901851648"", ""796513711585112064"", ""799894725845987328"", ""815372042357575680"", ""789614048831537152"", ""818707851227844608"", ""824826895576195072"", ""853456582317555712"", ""858486886245740544"", ""871527135419011072"", ""786304515849699328"", ""823101359191601152"", ""862026198971158528"", ""861715018515857408"", ""808561935242084352"", ""803439097178886144"", ""805985344561451008"", ""812062949161156608"", ""822623804667830272""]","2022-12-26 14:21:23.095+00","2023-01-16 23:42:21.432+00","[""918922392892772352"", ""917138483393912832"", ""920766408861073408"", ""920750102099169280"", ""920706204375093248"", ""920701873491996672"", ""919436160890396672"", ""920486643390382080"", ""920470281804734464"", ""919863403668189184"", ""919326433762230272"", ""919297156664668160"", ""919272064601628672"", ""918952218307579904"", ""918919372020867072"", ""918915020443037696"", ""918904718414487552"", ""918745158991142912"", ""918704094968340480"", ""917859337774174208"", ""917303333361139712"", ""917280968979947520"", ""918593396724469760"", ""916465684928978944"", ""916749009543483392"", ""917157479451176960"", ""918707469852078080"", ""916899761603670016"", ""918028489533042688"", ""916536975581286400"", ""916442318893391872"", ""916496004457869312"", ""918406092500131840"", ""916905097941188608"", ""916534713630781440"", ""918589883130744832"", ""917933115791335424"", ""916355763461832704"", ""916271529133109248"", ""913205660702126080"", ""918181438338543616"", ""918922395975528448"", ""918406160775184384"", ""917316097915977728"", ""917184241455308800"", ""918074686754545664"", ""918288426913366016"", ""916415431194300416"", ""916785965212069888"", ""911104667248234496"", ""917138486338310144"", ""917272325693927424"", ""916407660474540032"", ""918191411101638656"", ""916731954333241344"", ""919092092654166016"", ""917844700906864640"", ""917120630883999744"", ""919083027853029376"", ""916947556285009920"", ""916518291194159104"", ""917246593534062592"", ""918406267004239872"", ""916756738068574208"", ""917261297862012928"", ""918461347514585088"", ""918324909862924288"", ""918406522990964736"", ""916380994377375744"", ""917547421603995648"", ""917247890576424960"", ""917248561824387072"", ""916738731305136128"", ""917493571979362304"", ""916852643501428736"", ""916854593978621952"", ""917993231932252160"", ""918196033962958848"", ""917178006182014976"", ""916356548304371712"", ""919278890051301376"", ""919274209732304896"", ""917246974712274944"", ""917313960347746304"", ""917260338683473920"", ""918245841633181696"", ""916194962910433280"", ""918545299415744512"", ""917864528875192320"", ""917993890333237248""]",NULL,"[""604917598840258560"", ""593281285653323776"", ""591133048188215296"", ""587700255940714496"", ""585278289526956032"", ""585241969534472192"", ""576538632278544384"", ""574756882913488896"", ""552621855620390912"", ""537481538399719424"", ""536715622988840960"", ""535876674623766528"", ""532707614306971648"", ""528639879118434304"", ""526102153162870784"", ""524757804077457408"", ""519711741429010432"", ""518585316604645376"", ""516399413827592192"", ""516022374075047936"", ""516008729706340352"", ""515984741351419904"", ""515936202637840384"", ""515935560087760896"", ""515752977273122816"", ""515202122025881600"", ""513390731077234688"", ""632706795277758464"", ""600021913946877952"", ""598036005076926464"", ""595822542543974400"", ""591762166089039872"", ""566000720364199936"", ""565587223075016704"", ""555822774674755584"", ""521404584791695360"", ""516300962376556544"", ""516034058867044352"", ""516030279356166144"", ""515624285769637888"", ""515624216452177920"", ""515622630974590976"", ""515542336071573504"", ""515542300659097600"", ""515324261256736768"", ""534036653879095296"", ""598004124058972160"", ""545690422254690304"", ""554450591535497216"", ""515924817321484288"", ""515324180678680576"", ""516421782434054144"", ""516357715533377536"", ""515568330859356160"", ""532077364041093120"", ""515479735019020288"", ""565338181138546688"", ""527215202780020736"", ""515295664847532032"", ""539596266821173248"", ""515611213993877504"", ""541403185284857856"", ""547474475674550272"", ""577902735664394240"", ""507997072756989952""]",NULL,"[]"
"424411578541023232","BigDaveDizzle","1603690f61a55a8189115ea89f98bc7e","[""844329628356169728"", ""843584180775391232"", ""784446703431467008"", ""785195070012919808"", ""787207812437663744"", ""787941292998074368"", ""784453200983015424"", ""854255295499743232"", ""849465362402635776"", ""788972205332680704"", ""786057026525757440"", ""784470772314914816"", ""787415534554701824"", ""784647571896426496"", ""786649762375012352"", ""850561059071823872""]","2023-01-12 00:31:32.479+00","2023-01-12 00:31:32.479+00",NULL,NULL,NULL,NULL,NULL
"434480163267276800","MNFC","516245ac578c91ec6faa2045dededf03","[""866441608210587648"", ""808424889512996864"", ""804886890753961984"", ""794047999000047616"", ""786431173407678464"", ""784505239733678080"", ""784361585476042752""]","2022-12-28 22:08:25.263+00","2023-01-01 17:25:59.152+00",NULL,NULL,NULL,NULL,NULL
"434505378563092480","jjJohnnyjon","bddf734b4120457d0088af7945af5392","[""866441608210587648"", ""808424889512996864"", ""804886890753961984"", ""784511151819046912"", ""784361585476042752""]","2022-12-28 22:20:14.189+00","2023-01-13 13:42:11.602+00",NULL,NULL,NULL,NULL,NULL
"435458329087569920","Smitty207","5105be79ebd4710071bee85b4b031b8b","[""847869413683232768"", ""785177437993582592"", ""787926143876595712"", ""784466817572843520"", ""861609657922371584""]","2023-01-02 00:57:22.645+00","2023-01-02 00:57:22.645+00",NULL,NULL,NULL,NULL,NULL
"435483482039250944","MaxPhillyFan7","f173ec5bf64ff586b551e39ad6a20547","[""785346094883336192"", ""785340454513270784"", ""785275083114598400"", ""785228661463916544"", ""785225334659358720"", ""785221004644487168"", ""785215668223078400"", ""785206355102445568"", ""785203334943543296"", ""785202365803466752"", ""785196756928442368"", ""784996625826332672"", ""785195070012919808"", ""785177437993582592"", ""785175819197767680"", ""785154826853011456"", ""785057244806017024"", ""785055850581647360"", ""785051624241496064"", ""785035274190180352"", ""784971490989867008"", ""784967060399730688"", ""784950444484059136"", ""784949107864260608"", ""784944809390522368"", ""784832514249392128"", ""784826557876277248"", ""784825450848485376"", ""784824020758556672"", ""784822734478823424"", ""784820973156372480"", ""784811951116193792"", ""785688989867950080"", ""784481793347850240"", ""785961026985484288"", ""786828923865538560"", ""786425200576237568"", ""785230575593218048"", ""819710035885166592"", ""784535404186562560"", ""807651381077991424"", ""786432483213361152"", ""786431933210103808"", ""786431644054781952"", ""786431397568045056"", ""786431173407678464"", ""786430856779681792"", ""861242347944534016"", ""870127018753347584"", ""861622715205947392"", ""861609657922371584"", ""870842707218722816""]","2022-12-31 20:58:15.951+00","2022-12-31 20:58:15.951+00",NULL,NULL,NULL,NULL,NULL
"436033057682616320","FalseTruther","e5599f6d3d57f26875ef37cb0b5c7d60","[""784483459979685888"", ""784492071800176640"", ""784470707445891072"", ""786432483213361152"", ""785745310600421376"", ""807487568768782336"", ""784963931130228736"", ""784543501344972800"", ""785077032546582528"", ""784908122132209664"", ""833192765239193600"", ""786191563520135168"", ""822933971221458944""]","2022-12-28 21:34:57.91+00","2022-12-31 20:57:03.85+00",NULL,NULL,NULL,NULL,NULL
"442914419693842432","wargie3","0dba817327ac9adeb883a042ec6f846f","[""913888263323213824"", ""869786524445999104"", ""866438331150536704"", ""860611092110479360"", ""853778457975468032"", ""824784169761607680"", ""811634342697771008"", ""799805686421786624"", ""786780591336062976"", ""786741760536723456"", ""786369088258682880"", ""785604294396329984"", ""785346050201354240"", ""785254515371831296"", ""785234408209788928"", ""785184142282399744"", ""784894482230394880"", ""784892446139092992"", ""784649470792110080"", ""784538487763427328"", ""784479874730590208"", ""784452328924274688"", ""784451939571220480""]","2023-01-08 22:46:25.379+00","2023-01-09 14:31:45.406+00",NULL,NULL,NULL,NULL,NULL
"443154810141667328","dknights","d74ae2680051068f29cea58e71dec141","[""913888263323213824"", ""913873115695071232"", ""786786852072988672"", ""784855199805267968"", ""784526504309739520"", ""784521760971300864"", ""784505024251297792"", ""784479874730590208"", ""784462681817149440"", ""784435576869896192""]","2023-01-08 22:43:07.659+00","2023-01-09 14:31:27.568+00",NULL,NULL,NULL,NULL,NULL
"445714730607177728","leighbert","d8136cfbf8f959ca16e3750878022aca","[""784511196228374528"", ""788396590376292352"", ""849645245854511104"", ""784473867681910784"", ""784485344237191168"", ""784480603549671424"", ""810605911612719104"", ""784632105098436608"", ""796886816098758656"", ""784483694776811520"", ""802820547422556160"", ""787079176854327296"", ""784972650182193152"", ""833192765239193600"", ""784481793347850240"", ""788167802342219776"", ""852244145564168192"", ""785248207155404800"", ""785001235995553792"", ""784480829228298240"", ""784439484921008128"", ""784465110017130496"", ""784489461152198656"", ""784431733578821632"", ""786105595173548032"", ""806640880369917952"", ""784475076643901440"", ""844779992717037568"", ""786082695372836864"", ""834237842413711360"", ""858893759969079296""]","2023-01-09 19:30:53.328+00","2023-01-09 19:30:53.328+00",NULL,NULL,NULL,NULL,NULL
"448624945170214912","Bernert","7a5ff4e3efb8fb5b82863d782b970f0d","[""858893759969079296"", ""823288874687135744"", ""786320042970177536"", ""803700679037292544"", ""786827379837423616"", ""786105595173548032"", ""784972650182193152""]","2022-12-28 21:53:46.01+00","2022-12-28 21:57:44.507+00",NULL,NULL,NULL,NULL,NULL
"451599764643901440","repoman34","9af57bf732c655bed5049dc29a117d64","[""867209680596967424"", ""863284068895293440"", ""842472277705609216"", ""814535692687351808"", ""790064894023176192"", ""789014491118563328"", ""788633338364682240"", ""787695934791368704"", ""787386984896253952"", ""787237941893328896"", ""786770217861799936"", ""786399089691656192"", ""785362845234737152"", ""785231931091623936"", ""784971490989867008"", ""784916192136642560"", ""784639777730318336"", ""784565192561414144"", ""784555017846784000"", ""784501978825928704"", ""784492039680172032"", ""784491416154935296"", ""784459356518330368"", ""784356454403579904"", ""791379650956869632"", ""784593286303285248""]","2022-12-26 20:46:41.519+00","2022-12-27 02:12:17.101+00",NULL,NULL,NULL,NULL,NULL
"453732690718355456","doinkstar","1afaa621c614595d7c97a4927d427b55","[""913888263323213824"", ""913873115695071232"", ""863874687959171072"", ""862109716459921408"", ""861407477118390272"", ""856368025765548032"", ""828331848005431296"", ""815423684696219648"", ""791189787468992512"", ""790012600921485312"", ""786786852072988672"", ""784479874730590208"", ""785191482813485056"", ""787015736408338432"", ""784936855073386496"", ""784569182879649792""]","2023-01-08 18:48:10.375+00","2023-01-09 14:30:47.365+00",NULL,NULL,NULL,NULL,NULL
"456243296197406720","tclark1128","7cc46f40bd34498ca186ea06e8501a9e","[""869023265677590528"", ""864708874832375808"", ""812735412438171648"", ""790646073176764416"", ""784996718172327936"", ""800036424425545728"", ""785212270379667456"", ""784444438746402816"", ""784966430356541440"", ""809534748509724672"", ""867786711407722496"", ""786832585643941888"", ""786735678007410688"", ""866191358837272576"", ""830303964846202880"", ""802190648106151936"", ""821499965187686400"", ""784786866623860736"", ""784854086393720832"", ""784969710050586624"", ""784964919358545920"", ""790673929244094464"", ""785013603416793088"", ""786727192582365184"", ""784967596343717888"", ""812283403658469376"", ""787959627663941632"", ""785083102023254016"", ""792113131554975744"", ""786786852072988672"", ""785013487050067968"", ""790084418617323520"", ""787030114394374144"", ""784974515422822400"", ""784968689010270208"", ""784870715227758592"", ""785582532489007104"", ""784967244286427136"", ""809884718316244992"", ""784799840579244032"", ""784549980630351872"", ""908710133323030528"", ""798433760432472064"", ""792503222676848640"", ""864869087929589760"", ""867634173299544064"", ""871206493901463552"", ""867202102076784640"", ""866163795825913856"", ""865840207679844352"", ""865825958551212032"", ""865795231143051264"", ""865098422003286016"", ""865081805169131520"", ""865064358689001472"", ""861339630744776704"", ""833894955050180608"", ""826336615550029824"", ""824419550358536192"", ""811402600833449984"", ""808913466101465088"", ""799894725845987328"", ""796513711585112064"", ""795523775901851648"", ""793955842591395840"", ""792953364521521152"", ""788887456228487168"", ""786304515849699328"", ""823823533372211200"", ""872338244703035392""]","2022-12-27 01:16:33.52+00","2023-01-14 01:36:38.454+00",NULL,NULL,NULL,NULL,NULL
"457027448358301696","RSPShane","5dadf4f70e824e3506646f13fc2105d4","[""857856091613151232"", ""784822734478823424""]","2023-01-06 03:39:03.442+00","2023-01-06 03:39:03.442+00",NULL,NULL,NULL,NULL,NULL
"462687004631494656","krispykrame","2b11d22b5f832dd1ae0dfcc669f3cc78","[""789515158253912064"", ""786649246257561600"", ""786643466586345472"", ""786614564245639168"", ""785590203610955776"", ""785041322951184384"", ""784885630214778880"", ""784583558059696128"", ""784583521149788160"", ""784572036910538752"", ""784554294375546880"", ""784533264131088384"", ""784482002748502016"", ""784419520751267840"", ""814619726805331968"", ""784473103622340608"", ""784472504726073344"", ""794047999000047616"", ""786641937359888384"", ""791055102160023552"", ""785041848585555968"", ""784482412959805440"", ""830937223426834432"", ""808382816315355136"", ""814715985322962944"", ""784474430033235968"", ""784852146867785728"", ""786531785222848512"", ""784361585476042752"", ""785304916636884992"", ""786649776300109824"", ""786431173407678464"", ""784820973156372480"", ""786828923865538560"", ""786642601355902976"", ""785262905753972736"", ""811026120433590272"", ""785459002602565632"", ""784939970283589632"", ""786639828593790976"", ""785163968359624704"", ""784583246729084928"", ""786644382412591104"", ""786341220342444032"", ""786640651872759808"", ""784442285550092288"", ""867786711407722496"", ""784503480856489984"", ""784528158287323136"", ""785238979598487552"", ""784487858365911040"", ""784441476447903744"", ""784868819414990848"", ""786641501861048320"", ""784872519806087168"", ""784452710027132928"", ""795757138327773184"", ""785264483944759296"", ""786644498393473024"", ""786644962463854592"", ""784541452653985792"", ""786646220704743424"", ""784605507821350912"", ""784440070416515072"", ""785301152605573120"", ""784508280159461376""]","2023-01-04 16:11:04.409+00","2023-01-09 00:27:16.14+00",NULL,NULL,NULL,NULL,NULL
"464838976193163264","Jsim7","f58ce2e3484a02dfc0bd39fb5105f8c6","[""828089842855419904"", ""784613617571094528""]","2023-01-10 01:02:59.692+00","2023-01-10 12:56:59.346+00",NULL,NULL,NULL,NULL,NULL
"467029791636189184","cabFF","42f208851160e8cdf1e2344e43a8df1f","[""814679782867492864"", ""785546528558297088"", ""813153772778950656"", ""808120366689013760"", ""784472353533976576"", ""804836570191462400"", ""799186685480017920"", ""793703892570480640"", ""791123812803522560"", ""796787582963929088"", ""786373821342044160"", ""788166399938961408"", ""788167802342219776"", ""784475185758806016"", ""793195862904909824"", ""791365310929281024"", ""809173466946338816"", ""795757138327773184"", ""784432693319495680"", ""785405914248273920"", ""784473013142867968"", ""784400127312916480"", ""787198278746906624"", ""802389183707594752"", ""793658845019877376"", ""784625922140733440"", ""784467519577669632"", ""791520717698105344"", ""791356840540774400"", ""786305133951725568"", ""788323091049730048"", ""788082591059271680"", ""791863954447106048"", ""790019750301392896""]","2023-01-13 01:46:33.825+00","2023-01-13 14:27:19.349+00",NULL,NULL,NULL,NULL,NULL
"471199066429059072","McFresh","708fccb9d458961c9e5a2264bbf7485f","[""788633639884886016"", ""790131924285906944"", ""790134331782836224"", ""788697296060674048"", ""829104648823640064"", ""788639629074178048"", ""795988797845282816"", ""788646593812373504"", ""789037138967695360"", ""790144558812995584"", ""795234955386032128"", ""788695481814487040"", ""789038895605112832"", ""795871012225933312"", ""790136234298187776"", ""788916356509732864"", ""795232935572791296"", ""788703083810127872"", ""790145582655205376"", ""788692787754295296"", ""806440372040503296"", ""789027287763976192"", ""788691265956003840"", ""788579721821671424"", ""788698772883517440"", ""786850705259540480"", ""790139003734175744"", ""788651343861702656"", ""788701268821553152"", ""789029259661455360"", ""784930870652948480"", ""788918983477837824"", ""784931194746867712"", ""789040926050861056"", ""784926590168629248"", ""784549401724059648"", ""788648652037058560"", ""788694102895140864"", ""798802238297464832"", ""785221004644487168"", ""784989882991923200"", ""784514123122761728"", ""784931003897671680"", ""785681671847673856"", ""804902630924095488"", ""829099868260790272"", ""791018430064103424"", ""833790760464805888"", ""832450462765645824"", ""814662004789850112"", ""812387941400817664"", ""794242016455278592"", ""784463451664805888"", ""784508933837611008"", ""784370331476488192"", ""795778701676630016"", ""797207423436840960"", ""785720816091635712"", ""836422783318732800"", ""816439702293975040"", ""841241278434893824"", ""807087976902430720"", ""785285588684230656"", ""813908118571433984"", ""800686127437684736"", ""785844187861016576"", ""787570684426592256"", ""852573099416211456"", ""796519073268727808"", ""785411543046189056"", ""787413560283299840"", ""837571679185149952"", ""784963041363095552"", ""785785357399629824"", ""785848671714541568"", ""784515427157032960"", ""841844714360655872"", ""826591490200403968"", ""784534279987253248"", ""813471591274008576"", ""784931662411718656"", ""784926440192868352"", ""784931405862944768"", ""850210588373168128"", ""784457511452397568"", ""850586904016584704""]","2022-12-27 06:50:59.154+00","2023-01-14 22:13:04.173+00",NULL,NULL,NULL,NULL,NULL
"471718938078605312","TheDealerIsBack","8648b10347d0ca569731316073c90dd6",NULL,"2023-01-16 22:39:58.9+00","2023-01-16 22:39:58.9+00","[""919351705798578176"", ""918022162374840320"", ""917159370474098688"", ""917159367714144256"", ""913819885329891328"", ""920814630329503744"", ""920814111301292032"", ""920770595053219840"", ""920704216333651968"", ""920487731686404096"", ""920486347612213248"", ""920420413690273792"", ""920092262820847616"", ""920031188683665408"", ""920019963119788032"", ""919845877395640320"", ""918727645410484224"", ""919840384526704640"", ""919772115362988032"", ""919740247636791296"", ""919735315802234880"", ""919723706342080512"", ""919719455129751552"", ""919484061838565376"", ""919463407655497728"", ""919460265828134912"", ""919458191220568064"", ""919455552361611264"", ""919452975108542464"", ""919442215221497856"", ""919404090948472832"", ""919402387670978560"", ""919401453071007744"", ""919400506471075840"", ""919398460506443776"", ""919396429905391616"", ""919363531089223680"", ""919351848031608832"", ""919351708365492224"", ""919351086333423616"", ""919350973322051584"", ""919334967262490624"", ""919315240104341504"", ""919327233645359104"", ""919325727911202816"", ""919325136879181824"", ""919324534019317760"", ""919322744343355392"", ""918991172910043136"", ""919318969624895488"", ""917405835456880640"", ""919283726230609920"", ""918880103990587392"", ""919283631451910144"", ""919107224637636608"", ""918731321344647168"", ""919042717844340736"", ""918995252311171072"", ""918700572344393728"", ""918892225508122624"", ""918683335877201920"", ""918880031336812544"", ""918716985687535616"", ""918714880499412992"", ""918697169304113152"", ""918689996750688256"", ""918680944809283584"", ""918620828626055168"", ""918615221781082112"", ""918579555806449664"", ""918549705460649984"", ""918549432809922560"", ""918549163829391360"", ""918354007956054016"", ""918344141698998272"", ""918339617173168128"", ""918338897179090944"", ""918194923474833408"", ""918335381299429376"", ""918333564964622336"", ""918318387733020672"", ""918305446128115712"", ""918233574099402752"", ""918200458509021184"", ""918198918813655040"", ""918193244834541568"", ""918069619120807936"", ""918066535447683072"", ""918023342249254912"", ""917976970318008320"", ""918022164740546560"", ""917401002943295488"", ""918022008007872512"", ""918021959345491968"", ""918017280678912000"", ""917888520344739840"", ""918011156160524288"", ""917983519300083712"", ""917976838838910976"", ""917964142995730432"", ""917917509104439296"", ""917911330538283008"", ""917880529251520512"", ""917552469948063744"", ""917722622681710592"", ""917667584567386112"", ""917635096831201280"", ""917563871337246720"", ""917562218248871936"", ""917553940680794112"", ""917553366849794048"", ""917452943232741376"", ""917447626453307392"", ""917530675786936320"", ""917503816138977280"", ""920783132364754944"", ""917500087469932544"", ""917280936599982080"", ""917495096373776384"", ""917470430380863488"", ""917461279823056896"", ""917415180651499520"", ""917403671535841280"", ""917271815838433280"", ""917253065890209792"", ""917237890126630912"", ""917198478013505536"", ""917175109796855808"", ""917114906283995136"", ""917161410046746624"", ""917104711915008000"", ""917159370524463104"", ""917153997214081024"", ""917150254431227904"", ""917128568583548928"", ""917128139795468288"", ""917123967633408000"", ""917092250356871168"", ""917065609563770880"", ""917052500627451904"", ""917016638241812480"", ""916851696691884032"", ""917011395286396928"", ""916837251164946432"", ""916934576604319744"", ""916827882809413632"", ""916933978156802048"", ""916812766927839232"", ""916908670544539648"", ""916812586958618624"", ""916897860954718208"", ""916891135807717376"", ""916853048239247360"", ""916704234626838528"", ""916703688855654400"", ""916811302465630208"", ""916584906682163200"", ""916807555857383424"", ""916565055301398528"", ""916799860899336192"", ""916753787946131456"", ""916704650425065472"", ""916704049079189504"", ""916564514315870208"", ""916555344325816320"", ""916541258557030400"", ""916521137381912576"", ""916500957494665216"", ""916499272583970816"", ""916492298089979904"", ""916479785898119168"", ""916476001159458816"", ""916461806615486464"", ""916461229844054016"", ""916455353439739904"", ""916455063600689152"", ""916415517362188288"", ""916452513686237184"", ""916452048076582912"", ""916451168048599040"", ""916443779526258689"", ""916437089477169152"", ""916423812449734656"", ""916421938325778432"", ""916377833654771712"", ""916350553515515904"", ""916339590204715008"", ""916334951887425536"", ""916271612536803328"", ""916325667325820928"", ""916325302710820864"", ""916323740617834496"", ""916323568819077120"", ""916323382633934848"", ""916323308109582336"", ""916308576120152064"", ""916271491195510784"", ""916270598198792192""]",NULL,NULL,NULL,NULL
"491027483013935104","Cnarvs","fe428dd121b587bd0afc8bd59a9beed3","[""913888263323213824"", ""786346350324420608"", ""784544618762125312"", ""785006540175384576"", ""784570997083844608"", ""784247681651421184"", ""785053344803778560"", ""784517695306588160"", ""784510482508857344"", ""786786852072988672"", ""787879642232147968"", ""801643831706652672"", ""784843591251050496"", ""802176061763858432"", ""828721058013122560"", ""784461270551293952"", ""831956385355898880"", ""785468694196322304"", ""819644089770336256"", ""817554181266219008"", ""807087976902430720"", ""785041322951184384"", ""812836320283037696"", ""785590172912906240"", ""835348889602215936"", ""790012600921485312"", ""784608028577136640"", ""785177860125151232"", ""798986072288780288"", ""789325474542329856"", ""825444988748947456""]","2023-01-08 20:30:29.255+00","2023-01-09 14:32:20.902+00",NULL,NULL,NULL,NULL,NULL
"496322599559622656","JayFFO","fbc77fcb72a12fd47ddf12fb02f30eba","[""874105808357572608"", ""853851343020990464"", ""901902292335579136"", ""849410220294799360"", ""849118874094940160"", ""842008420281327616"", ""832775602963582976"", ""814378277807431680"", ""809925546250215424"", ""785580476571234304"", ""784407981755322368"", ""784356748042592256"", ""805842302563123200"", ""798684666772185088"", ""786706073678667776"", ""786630321834745856"", ""823793397679620096"", ""801194224467955712"", ""784357164574740480"", ""784360309468106752"", ""784960390428745728"", ""784401580144402432"", ""784357744227553280""]","2022-12-29 16:12:32.529+00","2023-01-06 14:48:09.718+00",NULL,NULL,NULL,NULL,NULL
"499658604832354304","tgucks","7e876ca32226f65c496d0aa8cc03d79f","[""821806193474404352""]","2023-01-01 08:15:34.35+00","2023-01-01 08:15:34.35+00",NULL,NULL,NULL,NULL,NULL
"516422519261388800","mcnutted","a205f9309cd9aa15da6045b4d01ea027","[""901595545431494656"", ""868669028573577216"", ""794429584513826816"", ""785348133868691456"", ""784611830541733888"", ""784799840579244032"", ""784967596343717888"", ""786727192582365184"", ""785465619226161152"", ""784883687664803840"", ""784480603549671424"", ""858910027916935168"", ""784509061679919104"", ""784481793347850240"", ""781250702738624512"", ""858893759969079296"", ""849645245854511104"", ""808127922983546880"", ""806170267473772544"", ""828849519486664704"", ""784483694776811520"", ""784489461152198656"", ""861715777039069184"", ""785633716801323008"", ""797947023465762816"", ""809212870897270784"", ""853341831470096384"", ""784488469274701824"", ""784487171376742400"", ""784485344237191168"", ""779507986019299328""]","2022-12-27 18:27:46.039+00","2022-12-27 18:28:21.955+00",NULL,NULL,NULL,NULL,NULL
"519768363306831872","hankojones","cd5afe758c9d96aa60ab32f325790753","[""913888263323213824"", ""786786852072988672"", ""784505024251297792"", ""784479874730590208"", ""784447791433932800""]","2023-01-09 14:30:28.916+00","2023-01-09 14:30:28.916+00",NULL,NULL,NULL,NULL,NULL
"520998012318748672","mcherry","983a195779d1ecc9d359dbfb27d0ef5f","[""784580657543286784"", ""784460972382416896"", ""784448472433700864"", ""784446340234141696"", ""785275083114598400"", ""784432112169316352""]","2022-12-29 23:27:01.979+00","2023-01-10 17:45:07.242+00",NULL,NULL,NULL,NULL,NULL
"539683602128859136","sainthead54","838c7a34dc31e2172f2a56b48a95b7ab","[""862096930363289600"", ""861720562161033216"", ""861682381956956160"", ""861063756283748352"", ""859784482948001792"", ""859505939286450176"", ""859196659148627968"", ""859178350290345984"", ""858605573803970560"", ""857743897416294400"", ""857731946464280576"", ""857482866362265600"", ""856804901219569664"", ""856353950658588672"", ""856054325468872704"", ""856048289009778688"", ""855642520351244288"", ""855206459540086784"", ""854611671845568512"", ""854279529580052480"", ""854250216860262400"", ""854230263033597952"", ""854085690990919680"", ""853924422359281664"", ""853357550454833152"", ""852448704878215168"", ""852385150535835648"", ""852366860371480576"", ""852099543678955520"", ""852081858354208768"", ""851571856703094784"", ""850586904016584704"", ""850190762632126464"", ""850097170416791552"", ""849930783165616128"", ""849848952193916928"", ""849747460917141504"", ""849710738862874624"", ""849429927412477952"", ""849172899456712704"", ""849096993455353856"", ""849076923580649472"", ""848483582291853312"", ""848438499140022272"", ""848043764718096384"", ""848021956946153472"", ""847740565687746560"", ""847695973319819264"", ""847691375628648448"", ""847374087469764608"", ""847309990124457984"", ""846998447675531264"", ""846613336253657088"", ""846482285736890368"", ""846465242014781440"", ""846265840117616640"", ""846223242757779456"", ""845918072308076544"", ""845843921027309568"", ""845552702271385600"", ""845380808972824576"", ""844990300526043136"", ""844432212488220672"", ""844083024361537536"", ""843917300263415808"", ""843738105482702848"", ""843711007535771648"", ""843692473384534016"", ""842598154938466304"", ""841891890138824704"", ""841805191538929664"", ""841776624939704320"", ""841446435164631040"", ""841418358795632640"", ""840846633632628736"", ""840658536362029056"", ""839739003585536000"", ""839018373928067072"", ""839005910616608768"", ""838885909737906176"", ""838663683436556288"", ""838647356676239360"", ""835262190649982976"", ""833917479809064960"", ""833165697889705984"", ""832114045741023232"", ""829973507260686336"", ""826001224255000576"", ""825564988902137856"", ""825230401940332544"", ""824938584137121792"", ""824833025111089152"", ""823802145861124096"", ""822367063866724352"", ""820182873050025984"", ""819803923723456512"", ""817026454914199552"", ""816990744270176256"", ""814657979818336256"", ""814494360321241088"", ""814308904380010496"", ""813541318889431040"", ""810654079398318080"", ""810090470356144128"", ""802388072875536384"", ""802388070686138368"", ""787540952440016896"", ""784465535843868672"", ""887166230006497280"", ""885389399100301312"", ""785967736705802240"", ""784998616069713920"", ""869813187447554048"", ""792118128522960896"", ""785217706348691456"", ""872998714288009216"", ""872585337581559808"", ""789651690788864000"", ""869814250397458432"", ""817281661413761024"", ""786856963559559168"", ""866541937061175296"", ""866478962304507904"", ""863563004598415360"", ""844642887055548416"", ""863442437685776384"", ""858808592030121984"", ""797509610436169728"", ""853455931973939200"", ""853168843969921024"", ""846664284225261568"", ""784694031308476416"", ""846236912653045760"", ""784883761165811712"", ""836441819796586496"", ""833970567097978880"", ""833969747778465792"", ""833969230360743936"", ""831211890645520384"", ""830106657244704768"", ""784382689200435200"", ""822024304957947904"", ""784439811573420032"", ""821837195680780288"", ""820752767424540672"", ""774776148411396096"", ""820204619211870208"", ""820204616401649664"", ""819710555337097216"", ""819625604742750208"", ""815799079002054656"", ""815753438704041984"", ""811003290618810368"", ""810224510539268096"", ""809441776850030592"", ""808225573888462848"", ""805649064132730880"", ""804879761917714432"", ""804097610007846912"", ""802632785855623168"", ""801643831706652672"", ""801316502119751680"", ""800968919174225920"", ""799395814563741696"", ""799158310665289728"", ""798326448283832320"", ""797961418145124352"", ""797434796518248448"", ""795871012225933312"", ""795232935572791296"", ""792911870578241536"", ""792401452659249152"", ""792167360046927872"", ""792167270754385920"", ""792117177200250880"", ""790145582655205376"", ""790139003734175744"", ""790134331782836224"", ""790131924285906944"", ""789664467297419264"", ""789552927160266752"", ""788918983477837824"", ""788833871255969792"", ""788701268821553152"", ""788648652037058560"", ""788643467097124864"", ""788633639884886016"", ""788581580464635904"", ""787782956650463232"", ""787413594378752000"", ""787405033774981120"", ""787079176854327296"", ""786842224318091264"", ""786681457631440896"", ""786641139703857152"", ""786447376457048064"", ""786445600324517888"", ""785922181547859968"", ""785731857135497216"", ""785728118307766272"", ""785725128398131200"", ""785577772646006784"", ""785575108487057408"", ""785573533794304000"", ""785553233736241152"", ""785546926639677440"", ""785542843551907840"", ""785534214949994496"", ""785522919592812544"", ""785402591751319552"", ""785397882382647296"", ""785390149046554624"", ""785350018117783552"", ""785306359825563648"", ""785254843601268736"", ""785247749531648000"", ""785244902299652096"", ""785222224939515904"", ""785183307523620864"", ""785158934318166016"", ""785155815781879808"", ""785151468951986176"", ""785142608061186048"", ""785137117423599616"", ""785120063106748416"", ""785116602805923840"", ""785112075251855360"", ""785039209793740800"", ""785033941349441536"", ""785028498795421696"", ""785020679031500800"", ""785015884153540608"", ""785010005651865600"", ""785004255630200832"", ""785001334695952384"", ""784997505573257216"", ""784995959590481920"", ""784993313102110720"", ""784989882991923200"", ""784979375740329984"", ""784960282056368128"", ""784958049533231104"", ""784956951871242240"", ""784947025937600512"", ""784944070375186432"", ""784943131245281280"", ""784941409777164288"", ""784939998410641408"", ""784934389233659904"", ""784931003897671680"", ""784928178723467264"", ""784926412363722752"", ""784879620460847104"", ""784834880088498176"", ""784833819307085824"", ""784829695840608256"", ""784827980802273280"", ""784826302569017344"", ""784821681813393408"", ""784808913278218240"", ""784800968234610688"", ""784797416313487360"", ""784795787375788032"", ""784790632509153280"", ""784788055813947392"", ""784669727699132416"", ""784666476887080960"", ""784664953360642048"", ""784663471517265920"", ""784659807083831296"", ""784637075923316736"", ""784630354375008256"", ""784630272745472000"", ""784630228151566336"", ""784627825243234304"", ""784624483506982912"", ""784620625498095616"", ""784616600467869696"", ""784607274114146304"", ""784600460869939200"", ""784600036976799744"", ""784588030135619584"", ""784586251360694272"", ""784584554148134912"", ""784582786743963648"", ""784576723340697600"", ""784573909986078720"", ""784571092621737984"", ""784570940574031872"", ""784561863676518400"", ""784557503223566336"", ""784556762845028352"", ""784547889358757888"", ""784546917882462208"", ""784539529427169280"", ""784538098666180608"", ""784536242430853120"", ""784534046637170688"", ""784530312620298240"", ""784523130940047360"", ""784523070458204160"", ""784521643614699520"", ""784519882896175104"", ""784519167800983552"", ""784517247333982208"", ""784511809603350528"", ""784507917377392640"", ""784506964955783168"", ""784504752280076288"", ""784500193453268992"", ""784481006756425728"", ""784478520423411712"", ""784476282938359808"", ""784471682621513728"", ""784469630818316288"", ""784467558647586816"", ""784466037654573056"", ""784463817785634816"", ""784457511452397568"", ""784455469627473920"", ""784453937049747456"", ""784449923709079552"", ""784439887138013184"", ""784432657701421056"", ""784417151451779072"", ""784415117973581824"", ""784371782206480384"", ""784365671793475584"", ""784280114149060608"", ""783780932099371008"", ""782737189497884672"", ""781897011237601280"", ""775523059795869696"", ""839008252237844480"", ""872719503182741504"", ""871860741530132480"", ""870915181948088320"", ""865840207679844352"", ""865001961706082304"", ""864283582519214080"", ""863675841790464000"", ""863648590403330048"", ""863594842855448576"", ""863259880163741696"", ""862568554954895360""]","2023-01-02 01:46:42.084+00","2023-01-02 01:46:42.084+00",NULL,NULL,NULL,NULL,NULL
"545695681547001856","SideshowTim","a79c11bb674c9aacf56ef38c42332a1e","[""800189772818669568"", ""843666091023667200"", ""854834189118308352"", ""789664395365085184"", ""853308260395098112"", ""850473017644531712"", ""800016977287573504"", ""825575119031234560"", ""788157362820222976"", ""847624896577122304"", ""785234809340465152""]","2022-12-27 00:28:29.258+00","2023-01-04 16:04:18.044+00",NULL,NULL,NULL,NULL,NULL
"548280730001842176","Tbuford3165","3d6e9103575d61cc33804c6d872135f7","[""786642635283607552"", ""785687683002466304"", ""785380061644722176"", ""786647833880231936"", ""784450738725253120"", ""801961585626177536"", ""788474174925578240"", ""784437073800257536"", ""784523037650341888"", ""784650951339458560"", ""785696758436216832"", ""812783601476313088"", ""786431933210103808"", ""791356840540774400"", ""784429237544271872"", ""819710555337097216"", ""784662829302222848"", ""792410890757595136"", ""812172087593664512"", ""784789767488450560"", ""784509525913874432"", ""784471111088922624"", ""784475514374107136"", ""785421873738543104"", ""785010373429481472"", ""784685293205880832"", ""785455014645800960"", ""784556937978187776"", ""794381670210981888"", ""784472932704432128"", ""795447118729940992"", ""785013235748380672"", ""807512486126395392"", ""786675321490558976"", ""785198241175240704"", ""785041848585555968"", ""787494106321502208"", ""788842198039932928"", ""784442801814368256"", ""784632105098436608"", ""784888580941135872"", ""785461391128723456"", ""790423890282250240"", ""784682026774196224"", ""787182264567107584"", ""786295474545168384"", ""784437570720370688"", ""784451080699437056"", ""784487294789881856"", ""784487322140917760"", ""785578431348932608"", ""786453811811217408"", ""784462511104729088"", ""784428439460503552"", ""784474233391697920"", ""786270828206673920"", ""785085641905065984"", ""788996993493164032"", ""784690403545858048"", ""784368178624053248"", ""784367941377495040"", ""784585744508424192"", ""784595484537954304"", ""789247070589534208"", ""784459217527521280"", ""784886733404815360"", ""803700679037292544"", ""785075410714173440"", ""808180480833880064"", ""798306600774393856"", ""785058563843305472"", ""820403491389423616"", ""784409271495462912"", ""786013547367997440"", ""788826470515634176"", ""784538561260175360"", ""784375860877795328"", ""784533264131088384"", ""784581301289238528"", ""785792998716854272"", ""785195830725480448"", ""785468694196322304"", ""789868737896501248"", ""785687853131960320"", ""785662436186517504"", ""788396590376292352"", ""813262905842700288"", ""852396517145845760"", ""784834562617413632"", ""784432426331070464"", ""784630481533657088"", ""784483594205777920"", ""870018605348225024"", ""785195497035051008"", ""789232395646828544"", ""784466621052895232"", ""850666300060590080"", ""784417100625289216"", ""788916031384014848"", ""784613824983601152"", ""784557960113311744"", ""795757138327773184"", ""785686693801046016"", ""791055102160023552"", ""784465535843868672"", ""784356748042592256"", ""787795808509661184"", ""785590013189562368"", ""784553033534160896"", ""786308561595641856"", ""786644962463854592"", ""784475235704549376"", ""784462920808558592"", ""785991002627616768"", ""786437458995867648"", ""786307932613648384"", ""784451729805692928"", ""784718432338825216"", ""816068129942810624"", ""784575342840053760"", ""787934216863264768"", ""791069270984486912"", ""830116356086153216"", ""808879224428564480"", ""785991027969576960"", ""857341179254161408"", ""787901720473751552"", ""784953640094928896"", ""787761708402909184"", ""784588187027832832"", ""785049661256957952"", ""841025459046170624"", ""819682993139453952"", ""788900121298505728"", ""786029698038968320"", ""784776574271672320"", ""784945294461747200"", ""784367587168546816"", ""784583558059696128"", ""785000536402501632"", ""801354752171560960"", ""791000460227088384"", ""823718596025913344"", ""789960580797661184"", ""784363115604262912"", ""867178467966447616"", ""784452955159023616"", ""787507813948723200"", ""823672680787066880"", ""784504886267154432"", ""785301254439067648"", ""810370807502090240"", ""784716539181015040"", ""788136897737306112"", ""785686410912108544"", ""801173653638189056"", ""784163229759823872"", ""785686284122501120"", ""784842223245221888"", ""787920690258042880"", ""788161213212246016"", ""804849220761784320"", ""784465273892802560"", ""824321871704096768"", ""782029932669865984"", ""785188400683737088"", ""785637938494283776"", ""801846347220230144"", ""785646207153520640"", ""785590344631857152"", ""784575732394418176"", ""784465483083669504"", ""784852758929985536"", ""784900911842656256"", ""786622585780699136"", ""785590109063016448"", ""797140729691500544"", ""784429411880550400"", ""784979872945729536"", ""784465112168841216"", ""784515027649552384"", ""785677989215133696"", ""823311964490031104"", ""784459526740041728"", ""856397399197868032"", ""784611537619943424"", ""784508292151042048"", ""786393980995837952"", ""784975817930383360"", ""787899940847341568"", ""785172686870577152"", ""789248172861038592""]","2022-12-29 23:23:21.799+00","2023-01-01 17:38:32.681+00",NULL,NULL,NULL,NULL,NULL
"549286544921694208","Portuga","a7edf17a1956ebe79017732156625301","[""864708874832375808"", ""804523961051353088"", ""784451450813202432"", ""784876543892709376"", ""785035274190180352"", ""784447370640359424"", ""784841609098493952"", ""784528991989133312"", ""784991958379675648"", ""785421873738543104"", ""784557960113311744"", ""787721738048966656"", ""791069270984486912"", ""784509700254408704"", ""784918029707370496"", ""784482412959805440""]","2022-12-29 15:09:21.918+00","2023-01-10 04:03:56.7+00",NULL,NULL,NULL,NULL,NULL
"564293151869616128","KrarJ14","d8b367a9353d4a1b03b8714233ced278","[""785177437993582592"", ""784481725190414336""]","2022-12-31 18:58:26.842+00","2022-12-31 18:58:26.842+00",NULL,NULL,NULL,NULL,NULL
"565314947024752640","AVdweeb","bb7ad4ec2964edb0f7bfeb3954590674","[""799144468379963392"", ""784472193634598912"", ""821267959447130112"", ""864699742167359488"", ""829600105115004928"", ""834942755460476928"", ""868952779731959808"", ""866485166447706112""]","2023-01-05 06:30:38.099+00","2023-01-05 07:23:21.865+00",NULL,NULL,NULL,NULL,NULL
"565368840783429632","MRinker","faff021c4df248de7d2e63731606babd","[""796619936188436480"", ""785053344803778560""]","2023-01-03 18:38:06.389+00","2023-01-03 18:38:06.389+00",NULL,NULL,NULL,NULL,NULL
"565684665600733184","rubik","a044360087956c3dd2f78c338c520ab7","[""871203560979922944"", ""861242347944534016"", ""851973220155371520"", ""789263675314790400"", ""787684819806076928"", ""786431644054781952"", ""787603981798129664"", ""820128398134317056"", ""785574463008837632"", ""784475061708025856"", ""784470557470150656"", ""787458004625846272"", ""784471461330038784"", ""784826557876277248"", ""784499459299139584"", ""784518151651086336"", ""785282944750252032"", ""785242823355138048"", ""784471944530649088"", ""784598977935949824""]","2022-12-27 03:42:13.933+00","2023-01-01 17:28:49.912+00",NULL,NULL,NULL,NULL,NULL
"566782680507924480","aestey","91189c041337f02268b17bca86b92f04","[""863905925973590016"", ""829483119332687872"", ""807672499801272320"", ""784426929884393472"", ""784414878298427392"", ""784403944347729920"", ""784403894175432704"", ""784403839565553664"", ""784403778647506944"", ""784403726139019264"", ""784403649026768896"", ""784403521511550976"", ""784395395844476928"", ""774354790779052032""]","2023-01-13 17:59:18.458+00","2023-01-13 17:59:18.458+00",NULL,NULL,NULL,NULL,NULL
"566795462819725312","Brianmclaugh2364","4792cf78699797225d2297bed0200c44","[""865409304692420608"", ""863905925973590016"", ""858720364291821568"", ""853058980853964800"", ""850869429888757760"", ""831949095093518336"", ""829483119332687872"", ""807672499801272320"", ""790241937486610432"", ""789897554807635968"", ""786958751537209344"", ""786382800625491968"", ""785707071814467584"", ""785637047246557184"", ""785579064869142528"", ""785560846699982848"", ""785421873738543104"", ""784704178726576128"", ""784611016548933632"", ""784542810010460160"", ""784541261355974656"", ""784541089376968704"", ""784485283163910144"", ""784484987226411008"", ""784476385442959360"", ""784473445797879808"", ""784426929884393472"", ""784414878298427392"", ""784403944347729920"", ""784403894175432704"", ""784403839565553664"", ""784403778647506944"", ""784403726139019264"", ""784403649026768896"", ""784403521511550976"", ""784395395844476928"", ""774354790779052032""]","2023-01-13 18:14:29.825+00","2023-01-13 18:21:43.129+00",NULL,NULL,NULL,NULL,NULL
"569980546990354432","NoahDub","4cd377c306da19621012531d8c7b0066","[""875855525416460288"", ""812951176868896768"", ""863911901703372800"", ""784811951116193792"", ""829902949487607808"", ""829919731963256832"", ""789633081039585280"", ""817872178623135744"", ""853433786329833472"", ""846261475415793664"", ""845505726636994560""]","2022-12-27 04:36:57.976+00","2022-12-27 04:36:57.976+00",NULL,NULL,NULL,NULL,NULL
"581867112973250560","Goggles88","d57bddeb09e102a2b7556973dc6301fb","[""867971253678571520"", ""816690088401543168""]","2023-01-14 16:10:05.532+00","2023-01-14 16:24:50.254+00",NULL,NULL,NULL,NULL,NULL
"595896835898400768","kjwhite11","9b094513ce30367360fd3f9fb86821d2","[""871511272485781504"", ""871061887788433408"", ""786375021403693056"", ""785495277476917248"", ""784832514249392128"", ""784681870272126976""]","2022-12-27 04:57:30.657+00","2022-12-27 07:47:49.185+00",NULL,NULL,NULL,NULL,NULL
"600146931821379584","DougEEEE","b7a486917eb76fc6b018fdd343fcf4e4","[""861622715205947392"", ""861242347944534016"", ""858514379728084992"", ""785175819197767680"", ""784620846781169664"", ""784607712313995264""]","2023-01-06 03:46:12.894+00","2023-01-06 03:46:12.894+00",NULL,NULL,NULL,NULL,NULL
"606231634114576384","BrianR75","a995bfecc5ddff0a4fcf1204c8e95471","[""866485137821581312"", ""827333175356256256"", ""821267959447130112"", ""812565710013313024"", ""796128708577603584"", ""790370779291287552"", ""784473507085086720""]","2022-12-29 07:20:51.458+00","2023-01-14 16:09:47.892+00",NULL,NULL,NULL,NULL,NULL
"606959261750206464","BHall7","cf4531f54ade694f4842fd6a19d3c533","[""832128023309430784"", ""862368508154077184"", ""847203186803597312"", ""816505617417125888"", ""821394252239081472"", ""858128621846528000"", ""805618005911388160"", ""802715380291338240"", ""801138468137869312"", ""821149255157800960"", ""784964839838703616"", ""784670039847583744"", ""901595545431494656"", ""858893759969079296"", ""853341831470096384"", ""849645245854511104"", ""828849519486664704"", ""806170267473772544"", ""814999685805772800"", ""789664467297419264"", ""787729076751339520"", ""786448668122304512"", ""784514843272142848"", ""789975556304277504"", ""787899940847341568"", ""842884688904335360"", ""788970864795312128"", ""840140907071250432"", ""784477032431140864"", ""784451318629670912"", ""813939813081276416"", ""849494657107898368""]","2023-01-12 22:00:51.638+00","2023-01-13 05:18:45.76+00",NULL,NULL,NULL,NULL,NULL
"608021561357717504","kennymoose","9782687070a48e394032e6cc95e20bbf","[""889582435208175616"", ""819012039186997248"", ""818520557095088128"", ""815320936319389696"", ""786642249160220672"", ""784914294121897984"", ""784540543882555392"", ""784480116750319616"", ""866823152032948224"", ""839339305070616576"", ""784477069718482944"", ""784474468306268160"", ""784473507085086720"", ""784452839173939200"", ""784471944530649088"", ""784374092903067648"", ""784903155384188928"", ""790061803357982720"", ""786614113727070208"", ""800574310384263168"", ""787414358576771072"", ""832644850213052416"", ""784380705978380288"", ""854197962782392320"", ""894278561899577344"", ""784470674554077184"", ""784469273941843968""]","2023-01-05 07:23:31.76+00","2023-01-05 07:23:31.76+00",NULL,NULL,NULL,NULL,NULL
"608807977280950272","MelloNello","f914bcbdb12499205a6de7312f3003dd","[""867485700868706304"", ""861715018515857408"", ""784996625826332672"", ""852627147624402944"", ""806170267473772544"", ""784487171376742400"", ""784521045762809856"", ""805919359053733888"", ""784453020837621760"", ""779507986019299328"", ""784483694776811520"", ""784670039847583744"", ""828849519486664704"", ""784481793347850240"", ""788507299990892544"", ""784486268250738688"", ""865377976638926848""]","2022-12-26 19:24:25.827+00","2023-01-02 00:33:56.072+00",NULL,NULL,NULL,NULL,NULL
"609072698995339264","KKKBBB777","4ddbf3f38f493745f50a4fb043b94257","[""791881828649787392"", ""798065962862628864"", ""785041848585555968"", ""833227780958302208"", ""784628154953310208"", ""786683276172648448"", ""784472504726073344"", ""786431644054781952"", ""814715985322962944""]","2023-01-09 04:43:03.283+00","2023-01-09 05:46:06.463+00",NULL,NULL,NULL,NULL,NULL
"640624629450371072","Passta","e29bb863d9c8129fc63ca31162a47b9b","[""869755969750753280"", ""853341831470096384"", ""784483954626539520"", ""813156898328137728"", ""884130946616692736"", ""828727675098112000"", ""833757061853597696"", ""843612068170039296"", ""840303045760892928""]","2022-12-27 12:20:53.921+00","2022-12-27 12:20:53.921+00",NULL,NULL,NULL,NULL,NULL
"640679076075511808","tgreenwald","08ffe3a92483a713abb834815e6913ba","[""865807285757284352"", ""848256223399751680"", ""824083970739245056"", ""805984471991058432"", ""805205675381760000"", ""800925495955935232"", ""792499125819146240"", ""784480769593729024"", ""784450444763189248""]","2022-12-26 17:58:40.178+00","2022-12-26 22:13:57.16+00",NULL,NULL,NULL,NULL,NULL
"655264953481113600","BradOBrian","ed17d075349f147b183fe7c8a631302d","[""815746582950596608"", ""784507647931109376"", ""784360068761108480"", ""806170267473772544""]","2022-12-27 19:07:10.885+00","2022-12-27 19:07:10.885+00",NULL,NULL,NULL,NULL,NULL
"662434097070702592","vegascapos","6f2594dc8fe5dd5a8dbca7c337aab4ac","[""908786350738952192"", ""869727514757832704"", ""868730972328337408"", ""867200876526391296"", ""862406178959933440"", ""853722262803701760"", ""847852268723228672"", ""844073241730473984"", ""841696382619320320"", ""838632523285266432"", ""833177793255825408"", ""828770416947478528"", ""822527396296097792"", ""820923653079293952"", ""816358120136765440"", ""816014535239557120"", ""812939450089881600"", ""810789070623068160"", ""803815614236983296"", ""784949107864260608""]","2023-01-08 05:46:08.224+00","2023-01-08 18:06:54.588+00",NULL,NULL,NULL,NULL,NULL
"672576445909897216","Scatbacks","4969b843b109858dfc45b30d36e28427","[""873280954599432192"", ""871534596121092096"", ""871094217538260992"", ""871093841363693568"", ""871093143771279360"", ""869271413041881088"", ""868212836051107840"", ""865124951001288704"", ""865122375551795200"", ""864329060308873216"", ""864326787390402560"", ""863171345725362176"", ""863169416890789888"", ""862927735754960896"", ""862862181635612672"", ""860657807278620672"", ""858875860730650624"", ""858875375604834304"", ""858874967595548672"", ""858850641693507584"", ""858412632250646528"", ""858412455494258688"", ""857863548418772992"", ""857802003613589504"", ""854191046454816768"", ""851639520112779264"", ""784894482230394880"", ""784489501627179008"", ""867569305288613888"", ""836286157854707712"", ""855895017682735104"", ""854096614778859520"", ""788506152840396800"", ""854066229697183744"", ""832320107429609472"", ""784479075610841088"", ""788633639884886016"", ""785573533794304000"", ""853800246730412032"", ""835555852529307648"", ""832366257796915200"", ""830595874076897280"", ""829926920081776640"", ""829925564264603648"", ""829919058857168896"", ""829923750949556224"", ""829921099256045568"", ""829919731963256832"", ""819686996338380800"", ""829917409736491008"", ""829902949487607808"", ""817618601375801344"", ""817478557860212736"", ""816068129942810624"", ""815701775649759232"", ""815362428941520896"", ""805139034363006976"", ""804827933721083904"", ""809441776850030592"", ""815039989879554048"", ""796501330398158848"", ""817212238254428160"", ""815002063850315776"", ""810654079398318080"", ""804097610007846912"", ""797138591280136192"", ""795492992545845248"", ""793325500033507328"", ""789142167988887552"", ""785015884153540608"", ""793275940892422144"", ""790393518412673024"", ""775069644267614208"", ""786267033435283456"", ""785137555652849664"", ""865123942938062848"", ""784509774753624064""]","2023-01-05 23:19:37.723+00","2023-01-05 23:20:05.309+00",NULL,NULL,NULL,NULL,NULL
"681622232606257152","MooglyBoogly","a6c431b4e23f32fd69d938ae545dad40","[""788694102895140864"", ""784504101101772800"", ""830908426681962496"", ""789037138967695360"", ""821116176359862272"", ""862417283773992960"", ""829099868260790272"", ""838541438659698688"", ""790139003734175744"", ""855969220285067264"", ""850550512448311296"", ""785720816091635712"", ""843561575603384320"", ""868693485656711168"", ""812503566018306048"", ""870766915898085376"", ""834986022034059264"", ""826591490200403968"", ""840308034692571136"", ""859548534708506624"", ""809334825382191104"", ""858870061937602560"", ""833790760464805888"", ""826209901406720000"", ""875835496406851584"", ""784429818526760960"", ""872331536391909376"", ""775069644267614208"", ""790011421319639040"", ""795063179272101888"", ""791483168753582080""]","2023-01-04 05:28:21.739+00","2023-01-04 05:28:41.931+00",NULL,NULL,NULL,NULL,NULL
"687081334312615936","kylepicht","8eb8f8bf999945d523f2c4033f70473e","[""786680739491119104""]","2022-12-27 23:35:05.449+00","2022-12-27 23:35:05.449+00",NULL,NULL,NULL,NULL,NULL
"69216547297968128","cshock16","98577447ffd4ab9ad48d8b2fc54da7e2","[""872962116670541824"", ""798265646902263808"", ""785472574720212992"", ""784544954834911232"", ""784369027739979776"", ""784366424192827392"", ""784366001281187840"", ""784365671793475584"", ""784364265556615168""]","2022-12-29 23:15:21.739+00","2023-01-02 01:55:57.598+00",NULL,NULL,NULL,NULL,NULL
"70956823792205824","DVerg","3d3530853360b0e23efdd7d128096a4f","[""833894955050180608"", ""784444120402919424"", ""785348133868691456"", ""785248207155404800"", ""786350290197741568"", ""784515272718569472"", ""785215242107006976"", ""830303964846202880"", ""802286335380553728"", ""786346350324420608"", ""784483444368531456"", ""784549980630351872"", ""798433760432472064"", ""809216946208903168"", ""784967244286427136"", ""793721977016803328"", ""784838744019718144"", ""786767132552744960"", ""785013487050067968""]","2022-12-26 14:15:52.488+00","2023-01-16 23:29:09.277+00","[""916505911103754240"", ""916899761603670016"", ""918915020443037696"", ""916944779290796032"", ""918707469852078080"", ""916874225884110848"", ""918704094968340480"", ""916271529133109248"", ""917158548281331712"", ""916966279200854016"", ""916407660474540032"", ""916365056957456384"", ""911104667248234496""]",NULL,NULL,NULL,NULL
"720517681807204352","skolmnvikes","c60ef65a23b782d52a4fc642651e5595","[""855550898145968128"", ""785346094883336192""]","2023-01-04 04:46:27.977+00","2023-01-04 04:46:27.977+00",NULL,NULL,NULL,NULL,NULL
"720735859996958720","gohdevil","fa9a178228d1a141c5981c2006e29d75","[""868379720113405952"", ""840221951602589696"", ""796418134214033408"", ""814852260722012160"", ""786210125521567744"", ""796426090729021440"", ""784803843425808384"", ""847501409694916608"", ""861916297066328064"", ""808738694533079040"", ""839618819642232832"", ""786905810839207936"", ""784425306281934848"", ""786324548139237376""]","2022-12-29 09:31:31.862+00","2022-12-29 13:24:08.518+00",NULL,NULL,NULL,NULL,NULL
"724991681694367744","tomstapylton","541a6439bd887c0bbed9abe2270d4117","[""860825908678881280"", ""788072904997851136""]","2022-12-27 18:18:56.773+00","2023-01-01 15:45:07.619+00",NULL,NULL,NULL,NULL,NULL
"76407711608487936","dezzz314","e3c7d8b431229c591df7e1e2ed583746","[""875463213192458240"", ""872680505177559041"", ""870855157523628032"", ""860607641032978432"", ""858490612222132224"", ""787959659012206592"", ""802820547422556160"", ""787959627663941632"", ""787959589525196800"", ""787959550539100160"", ""787959503688753152"", ""787959698803515392"", ""844828409115832320"", ""784799840579244032"", ""792113131554975744"", ""802190648106151936"", ""809884718316244992"", ""784964919358545920"", ""784444438746402816""]","2023-01-09 01:25:21.385+00","2023-01-09 15:15:03.992+00",NULL,NULL,NULL,NULL,NULL
"76752500291944448","Dbailey287","nfl_car","[""859652160823115776"", ""857554534694797312"", ""825762043998117888""]","2023-01-05 19:36:27.565+00","2023-01-05 19:36:27.565+00",NULL,NULL,NULL,NULL,NULL
"776918162284396544","Reverbe","b3338675f635c2c1f42b469621d38ec6","[""901238952558911488"", ""872227489471492096""]","2023-01-02 03:12:35.251+00","2023-01-02 03:12:35.251+00",NULL,NULL,NULL,NULL,NULL
"782463107883728896","hammerb","2117243fcfe58c92f8122dc92bb7f98e","[""873288227883282432"", ""870108119240462336"", ""867237679232937984"", ""862247340734541824"", ""784945137682862080"", ""785348133868691456"", ""838116141120454656"", ""784373668569579520"", ""872568335710281728"", ""787018803514028032"", ""787042971144065024"", ""784528991989133312"", ""817605752192630784"", ""785382766954074112"", ""794429584513826816"", ""842898021439107072"", ""791018430064103424"", ""784454070906839040"", ""856414333872238592"", ""851501567399047168"", ""787790305133981696"", ""798100318687703040""]","2023-01-01 13:26:33.71+00","2023-01-01 13:27:38.816+00",NULL,NULL,NULL,NULL,NULL
"811815347882668032","brian75","4f4090e5e9c3941414db40a871e3e909","[]","2023-01-05 07:24:24.743+00","2023-01-05 07:24:24.743+00",NULL,NULL,NULL,NULL,NULL
"847866818499555328","cityslickas","583d24f560649eb901c6dcf57348ad35","[""861622715205947392"", ""847869413683232768"", ""786430856779681792"", ""785055850581647360""]","2022-12-28 22:03:49.355+00","2023-01-02 00:56:51.304+00",NULL,NULL,NULL,NULL,NULL
"859556450790383616","jadedgenius","44a713270614bae979315a67a1e99bbc","[""859556572345528320""]","2022-12-28 14:16:17.217+00","2022-12-30 18:17:14.223+00",NULL,NULL,NULL,NULL,NULL
"863315354653417472","cocokaye","b3338675f635c2c1f42b469621d38ec6","[""863277946113241088""]","2022-12-28 22:19:10.865+00","2022-12-28 22:19:10.865+00",NULL,NULL,NULL,NULL,NULL
"870447004470411264","ManBearPig1782","ac1268f4ec31dcfb84e2327fce14b1e1","[""797138591280136192"", ""906436630330720256"", ""876650897646702592"", ""872553579846770688"", ""841782171457990656"", ""798433760432472064"", ""784676198793023488"", ""784425748151787520""]","2023-01-06 00:42:02.037+00","2023-01-06 00:42:08.674+00",NULL,NULL,NULL,NULL,NULL
"913195168264794112","Jairoller","8b760d24291eb9c8ae7c14507091dd03","[]","2022-12-27 01:17:15.693+00","2022-12-27 01:17:15.693+00",NULL,NULL,NULL,NULL,NULL
"97377488514465792","LeKid","nfl_cle","[]","2022-12-26 22:28:59.04+00","2022-12-26 22:28:59.04+00",NULL,NULL,NULL,NULL,NULL
